user_id,match_ids
1,26;41;134;181;310;463
2,133;141;145;151;152;263
3,4;5;19;91;135;166
4,3;52;117;135;193;401
5,3;4;10;19;41;483
6,30;52;135;395;402;449
7,91;171;330;396;400;486
8,108;113;162;254;462;469
9,102;103;200;272;374;445
10,3;5;41;42;157;284
11,410;415;419;421;424;500
12,65;90;124;168;387;494
13,211;222;296;422;437;472
14,138;160;169;294;330;457
15,69;139;167;217;292;380
16,18;26;122;336;347;407
17,48;70;105;167;260;397
18,16;106;205;267;408;500
19,3;5;91;135;396;400
20,128;155;279;380;459;460
21,37;39;194;349;359;368
22,110;236;246;273;362;410
23,79;102;130;156;272;489
24,121;178;328;388;426;427
25,104;165;257;289;290;372
26,1;162;249;341;397;469
27,159;171;260;391;395;492
28,27;47;294;391;392;399
29,30;69;127;279;401;402
30,6;29;135;171;398;400
31,74;78;143;230;413;414
32,86;131;136;147;322;471
33,73;74;140;351;364;464
34,35;79;189;367;380;463
35,73;83;85;323;348;365
36,38;275;307;339;346;367
37,21;40;206;297;405;466
38,36;89;275;321;346;388
39,21;40;253;349;359;466
40,37;39;203;253;307;466
41,1;10;181;373;377;389
42,119;138;154;190;241;315
43,126;144;150;413;455;498
44,46;182;305;306;334;451
45,32;296;313;314;434;435
46,44;182;305;306;334;451
47,28;80;101;300;301;327
48,17;47;80;191;217;300
49,97;113;166;387;452;461
50,38;203;283;308;321;350
51,204;237;303;390;417;485
52,6;116;228;392;447;448
53,88;198;387;391;392;399
54,186;276;325;370;473;497
55,110;277;284;302;345;373
56,57;163;250;269;384;453
57,45;58;59;201;418;478
58,57;59;185;188;331;386
59,57;58;200;331;418;478
60,97;158;166;228;261;397
61,280;361;369;381;405;494
62,78;218;245;317;347;375
63,64;184;220;238;249;470
64,203;214;234;383;432;484
65,12;80;125;159;300;327
66,104;141;151;441;487;496
67,222;271;287;326;482;499
68,94;123;173;226;318;381
69,15;292;330;394;402;456
70,81;161;167;223;329;491
71,72;75;89;235;297;348
72,71;75;83;235;353;356
73,33;35;83;85;140;142
74,31;33;140;351;364;464
75,71;72;76;235;352;353
76,75;153;235;253;349;465
77,89;309;322;352;358;497
78,31;62;197;237;464;473
79,34;81;93;101;329;491
80,47;65;159;300;301;327
81,5;156;187;242;412;436
82,120;170;196;199;200;289
83,71;72;73;85;140;352
84,145;153;197;351;355;423
85,35;73;83;323;348;365
86,32;131;147;298;322;358
87,74;140;235;354;359;423
88,34;53;142;237;350;355
89,38;71;77;235;321;466
90,12;65;216;379;406;486
91,7;19;171;260;396;400
92,154;202;241;336;345;417
93,79;101;102;220;240;494
94,68;196;226;318;363;381
95,100;106;120;205;284;386
96,2;109;248;286;472;493
97,49;60;183;217;240;261
98,100;120;257;273;289;290
99,220;221;287;326;490;499
100,25;95;98;108;205;257
101,79;81;93;102;272;445
102,9;23;93;101;272;445
103,9;94;200;278;362;382
104,123;165;173;226;372;407
105,17;167;172;173;223;291
106,18;119;120;205;269;289
107,183;217;267;291;304;446
108,8;100;168;257;383;444
109,96;132;186;248;472;493
110,55;275;277;302;408;498
111,195;261;293;323;324;365
112,164;227;339;369;374;454
113,49;66;428;461;462;491
114,133;256;261;277;406;408
115,116;264;265;448;449;483
116,52;115;166;264;265;448
117,4;265;399;401;447;462
118,13;185;200;207;250;478
119,18;42;121;178;190;205
120,82;95;98;106;257;289
121,24;178;328;388;426;427
122,16;130;172;193;202;205
123,16;104;226;266;372;407
124,158;198;225;301;387;401
125,12;65;224;266;288;494
126,43;188;316;455;474;498
127,29;128;157;180;398;469
128,20;127;333;380;480;485
129,139;177;198;455;458;460
130,79;122;134;168;206;489
131,86;147;276;322;370;495
132,109;186;248;325;376;493
133,2;145;256;324;367;406
134,1;130;206;379;429;489
135,3;4;6;30;166;449
136,77;146;358;370;471;475
137,208;210;213;215;267;324
138,14;42;160;392;444;457
139,15;28;129;172;191;410
140,33;73;74;83;87;359
141,2;229;230;233;480;488
142,71;73;143;350;355;356
143,142;350;351;356;364;371
144,55;56;270;312;422;431
145,2;84;133;299;351;357
146,136;298;358;370;471;475
147,32;86;131;194;276;495
148,132;232;325;357;411;467
149,194;277;285;366;411;495
150,43;144;231;354;463;498
151,2;96;141;344;354;371
152,145;259;282;332;403;429
153,76;84;413;414;423;465
154,42;92;202;241;303;376
155,20;179;279;335;398;468
156,23;41;102;130;256;500
157,10;29;127;162;395;402
158,104;156;242;254;439;443
159,239;403;411;436;437;442
160,14;138;294;393;394;457
161,66;70;223;329;381;491
162,8;26;157;168;389;469
163,56;170;290;342;384;453
164,9;112;240;272;445;446
165,10;22;23;251;271;313
166,3;49;60;116;264;452
167,17;70;81;105;223;319
168,12;108;130;162;255;383
169,14;138;192;279;444;457
170,82;163;196;199;342;384
171,7;27;91;260;396;400
172,105;139;174;319;337;397
173,187;219;254;309;416;440
174,62;93;139;172;240;280
175,130;412;416;419;421;424
176,234;262;295;319;458;459
177,17;129;158;262;293;455
178,24;119;121;328;426;427
179,24;382;403;430;481;483
180,127;239;280;320;344;485
181,1;41;310;332;480;488
182,44;46;183;305;306;451
183,15;97;107;182;217;304
184,61;63;220;238;278;361
185,57;58;118;415;418;478
186,109;132;248;299;472;493
187,26;127;183;304;469;500
188,58;126;270;284;331;362
189,34;262;323;380;442;463
190,42;119;234;268;315;338
191,48;139;240;300;397;500
192,169;268;291;337;346;410
193,4;51;134;286;363;417
194,21;78;147;149;285;470
195,111;227;244;259;263;293
196,82;94;170;250;289;407
197,78;84;147;237;364;464
198,53;124;129;225;301;327
199,82;164;170;291;363;368
200,9;82;103;118;196;386
201,45;57;58;59;386;415
202,209;311;312;313;440;441
203,40;50;88;281;308;350
204,231;324;366;417;474;495
205,18;95;100;106;119;122
206,37;134;283;307;379;489
207,118;250;269;386;418;478
208,137;210;212;213;215;252
209,211;212;213;214;252;338
210,137;208;215;252;267;304
211,137;209;213;247;338;369
212,137;208;209;211;213;252
213,137;208;209;211;212;252
214,50;109;209;252;275;321
215,88;137;208;210;216;267
216,90;107;210;215;242;379
217,15;48;66;97;191;304
218,62;248;285;317;373;375
219,128;192;333;452;477;482
220,15;63;93;99;184;454
221,99;287;311;326;490;499
222,13;67;185;242;271;287
223,70;81;105;161;329;491
224,12;61;66;288;454;494
225,124;159;198;292;387;456
226,68;94;123;363;407;450
227,112;195;268;288;346;442
228,52;60;233;424;480;488
229,141;255;444;480;485;488
230,31;87;197;359;409;414
231,144;150;204;366;367;495
232,148;357;371;376;409;467
233,45;68;156;174;251;416
234,176;190;293;295;315;492
235,71;72;75;76;87;140
236,22;114;246;273;347;360
237,51;78;88;197;303;485
238,63;247;278;361;378;405
239,174;180;258;263;320;344
240,48;97;101;164;288;365
241,92;154;303;340;368;417
242,103;183;222;224;278;334
243,284;303;390;470;474;498
244,64;247;249;310;343;378
245,62;317;336;343;347;375
246,23;96;186;422;472;481
247,211;238;244;361;369;405
248,13;32;96;187;401;437
249,64;244;340;368;378;470
250,56;118;196;207;269;453
251,30;157;179;279;402;420
252,208;209;210;212;213;214
253,39;40;76;349;355;466
254,8;113;271;316;461;462
255,168;229;256;316;383;444
256,114;133;245;255;404;406
257,25;98;100;108;120;342
258,286;320;343;344;470;493
259,152;195;282;332;403;404
260,8;22;151;236;431;442
261,60;97;114;348;380;408
262,158;177;189;295;319;458
263,2;180;195;239;343;404
264,52;115;116;265;448;449
265,115;116;117;264;448;449
266,123;125;328;407;426;427
267,18;107;125;266;304;408
268,190;227;314;315;323;338
269,56;106;207;250;384;453
270,43;188;331;362;374;446
271,67;222;254;287;326;490
272,151;270;308;309;403;441
273,98;233;236;255;257;487
274,296;378;382;438;472;476
275,36;38;110;203;302;345
276,10;98;309;434;435;476
277,110;114;149;285;296;366
278,103;184;224;238;242;382
279,29;155;179;251;335;429
280,22;222;254;273;416;441
281,22;187;201;218;236;404
282,152;195;259;332;403;404
283,50;206;379;412;465;489
284,95;188;243;258;373;498
285,149;194;277;296;343;376
286,96;258;320;343;344;470
287,67;99;221;222;311;490
288,125;224;365;408;454;494
289,25;82;95;106;120;196
290,25;98;163;342;384;453
291,105;107;192;199;331;363
292,15;28;69;225;341;387
293,111;129;177;234;295;459
294,14;27;28;330;394;457
295,158;176;262;293;458;459
296,201;314;430;434;435;483
297,37;77;281;321;352;356
298,86;146;309;322;471;475
299,148;186;357;371;425;467
300,47;48;65;80;191;301
301,47;80;124;198;300;327
302,55;110;188;275;345;406
303,51;154;237;241;243;340
304,107;183;210;217;225;267
305,44;46;182;306;334;451
306,44;46;182;305;334;451
307,36;40;206;345;367;379
308,50;54;203;377;473;497
309,77;89;131;297;298;370
310,1;181;244;360;378;463
311,63;221;335;474;482;499
312,63;184;220;246;313;390
313,184;220;246;278;312;361
314,20;42;155;268;315;460
315,190;234;268;314;420;492
316,114;126;169;255;444;462
317,62;218;245;336;373;375
318,68;173;374;381;461;492
319,17;167;260;262;458;492
320,180;258;286;333;344;479
321,38;50;89;297;377;388
322,86;131;298;471;473;475
323,35;85;111;164;189;348
324,111;133;144;204;377;390
325,54;132;148;276;340;495
326,67;99;221;271;490;499
327,47;65;80;198;301;456
328,24;121;178;388;426;427
329,70;159;161;167;223;491
330,7;69;160;294;395;456
331,59;188;270;291;445;446
332,152;181;259;282;479;484
333,10;174;239;309;436;476
334,44;46;242;305;306;451
335,199;219;234;383;431;433
336,16;202;245;317;347;375
337,172;192;341;385;410;450
338,119;190;227;268;339;346
339,36;112;227;338;406;410
340,241;249;303;325;389;425
341,165;292;337;385;428;450
342,25;163;170;290;384;453
343,180;244;258;263;285;286
344,8;156;201;236;296;431
345,55;92;275;302;307;347
346,36;38;192;227;338;339
347,16;62;92;245;336;345
348,35;85;189;261;323;365
349,21;39;76;253;353;465
350,50;88;142;203;321;356
351,33;74;84;143;145;364
352,75;77;83;281;297;358
353,72;75;349;355;465;466
354,43;87;150;413;414;423
355,84;88;142;253;353;356
356,72;142;143;297;350;355
357,145;148;232;299;409;425
358,77;86;136;146;352;370
359,21;39;87;230;281;413
360,202;246;274;310;389;390
361,61;184;238;247;405;454
362,55;68;122;274;432;439
363,94;165;193;199;226;368
364,33;74;143;197;351;464
365,35;85;111;240;280;348
366,176;438;439;440;441;476
367,34;36;111;144;231;307
368,21;199;249;362;363;374
369,61;103;112;247;374;405
370,54;131;136;146;352;358
371,143;151;232;299;376;464
372,25;104;123;165;428;450
373,41;55;154;284;317;375
374,9;105;112;173;318;368
375,202;218;245;317;336;373
376,132;149;285;371;467;493
377,109;248;308;324;473;497
378,63;64;238;244;249;310
379,90;134;206;283;307;489
380,19;151;274;314;383;432
381,66;68;94;161;318;454
382,103;161;200;246;278;362
383,90;100;108;168;255;316
384,56;163;269;290;342;388
385,337;341;397;428;450;452
386,95;118;161;207;418;446
387,12;49;53;124;225;292
388,96;201;401;433;438;477
389,162;193;340;360;425;469
390,231;243;274;324;360;479
391,28;53;392;394;399;448
392,201;219;270;274;438;439
393,160;394;395;456;457;486
394,28;69;160;294;391;399
395,6;27;330;393;447;449
396,7;19;91;171;400;486
397,17;60;172;173;191;385
398,30;155;179;335;402;468
399,53;117;391;392;394;447
400,7;19;30;91;171;396
401,4;27;29;53;117;124
402,6;29;69;155;157;398
403,152;195;259;263;282;404
404,256;259;263;282;398;485
405,37;61;247;280;361;369
406,90;114;133;256;261;339
407,16;104;123;226;266;372
408,212;214;312;441;481;496
409,230;232;357;414;422;425
410,11;139;192;337;339;346
411,148;149;194;232;422;467
412,175;283;416;419;421;465
413,31;43;153;354;359;423
414,31;153;230;354;409;423
415,11;185;419;420;421;424
416,92;175;193;283;412;417
417,51;92;193;241;367;416
418,57;59;185;207;386;478
419,11;175;412;415;421;424
420,14;169;251;315;429;500
421,11;175;412;415;419;424
422,31;230;409;411;419;420
423,84;87;153;354;413;414
424,11;175;189;228;415;421
425,299;340;357;389;409;467
426,24;121;178;266;328;427
427,24;121;178;266;328;426
428,113;341;372;385;450;452
429,134;152;279;282;420;463
430,218;378;411;443;483;496
431,214;314;431;434;435;476
432,56;58;219;435;436;443
433,32;45;211;236;443;496
434,216;277;291;433;437;440
435,216;313;430;434;440;477
436,187;411;430;481;487;496
437,122;313;429;432;434;436
438,109;186;187;422;432;439
439,174;216;311;430;432;437
440,13;274;431;433;438;440
441,5;45;239;436;438;468
442,8;23;176;218;312;437
443,64;141;215;251;382;435
444,108;138;169;229;316;393
445,9;101;102;164;272;446
446,34;107;164;270;331;445
447,13;212;439;442;443;483
448,52;115;264;391;399;447
449,6;115;264;265;395;447
450,165;337;341;372;385;428
451,44;46;182;305;306;334
452,49;60;233;385;428;486
453,163;170;250;269;290;342
454,112;125;224;288;369;381
455,126;129;144;150;177;460
456,225;292;327;330;393;486
457,14;138;160;169;294;393
458,158;176;262;295;319;492
459,20;176;177;293;295;460
460,20;129;177;455;459;468
461,49;66;113;318;329;462
462,113;117;166;254;316;461
463,1;34;150;189;310;429
464,33;78;197;231;364;371
465,76;153;175;283;349;353
466,37;39;40;89;253;353
467,148;232;299;325;376;425
468,155;179;335;460;474;476
469,26;127;128;157;162;389
470,64;132;194;243;258;286
471,54;136;146;298;322;475
472,156;174;219;239;382;443
473,54;276;281;308;377;497
474,51;126;204;243;366;468
475,136;146;147;298;471;497
476,20;204;398;459;468;474
477,219;333;479;482;484;487
478,13;59;118;185;207;418
479,332;333;390;477;482;484
480,181;228;229;233;452;488
481,273;333;360;477;487;496
482,67;311;320;477;479;484
483,5;115;116;117;135;265
484,228;320;332;479;482;488
485,51;128;180;229;237;280
486,7;90;233;393;396;456
487,32;45;128;302;430;433
488,141;181;228;229;480;484
489,23;214;251;312;433;442
490,99;221;271;287;326;499
491,70;79;81;223;329;461
492,27;159;260;318;319;458
493,22;122;215;216;302;481
494,61;93;125;154;224;288
495,149;204;231;276;325;366
496,179;273;335;360;481;487
497,54;281;308;377;473;475
498,43;110;126;150;243;455
499,67;99;221;311;326;490
500,11;18;26;48;191;420
